Unnamed: 0.2,Unnamed: 0.1,Unnamed: 0,Dataset_file,Dataset Name(s),Name(s) in Reference,WT seq,offset_idx,Reference,start,end,Protein_a2m,a2m_start_end,ESM2-mask-marginals,checkpoint_run2_0020500.pth-mask-marginals,checkpoint_run2_0020500.pth-wt-marginals,ESM2-wt-marginals,checkpoint_0280000.pth-wt-marginals,Unnamed: 18,s-plm-wt-mt-RLA-euclidean_distance,ESM2-wt-mt-RLA-euclidean_distance,checkpoint_0280000.pth-mask-marginals
0,0,0,BG_STRSQ_hmmerbit,BG_STRSQ,enrichment,MVPAAQQTAMAPDAALTFPEGFLWGSATASYQIEGAAAEDGRTPSIWDTYARTPGRVRNGDTGDVATDHYHRWREDVALMAELGLGAYRFSLAWPRIQPTGRGPALQKGLDFYRRLADELLAKGIQPVATLYHWDLPQELENAGGWPERATAERFAEYAAIAADALGDRVKTWTTLNEPWCSAFLGYGSGVHAPGRTDPVAALRAAHHLNLGHGLAVQALRDRLPADAQCSVTLNIHHVRPLTDSDADADAVRRIDALANRVFTGPMLQGAYPEDLVKDTAGLTDWSFVRDGDLRLAHQKLDFLGVNYYSPTLVSEADGSGTHNSDGHGRSAHSPWPGADRVAFHQPPGETTAMGWAVDPSGLYELLRRLSSDFPALPLVITENGAAFHDYADPEGNVNDPERIAYVRDHLAAVHRAIKDGSDVRGYFLWSLLDNFEWAHGYSKRFGAVYVDYPTGTRIPKASARWYAEVARTGVLPTAGDPNSSSVDKLAAALEHHHHHH,1.0,"Romero et al., PNAS, 2015 ",1.0,501.0,BG_STRSQ_1_b0.5.a2m,1 501,0.6541145058570643,0.5027662908736442,0.5122886916192269,0.6905292529336747,0.5124052596942038,,0.4757089613722166,0.4914233211153952,0.511661619626214
1,1,1,BLAT_ECOLX_Ostermeier2014,BLAT_ECOLX_Ostermeier2014,linear,MSIQHFRVALIPFFAAFCLPVFAHPETLVKVKDAEDQLGARVGYIELDLNSGKILESFRPEERFPMMSTFKVLLCGAVLSRVDAGQEQLGRRIHYSQNDLVEYSPVTEKHLTDGMTVRELCSAAITMSDNTAANLLLTTIGGPKELTAFLHNMGDHVTRLDRWEPELNEAIPNDERDTTMPAAMATTLRKLLTGELLTLASRQQLIDWMEADKVAGPLLRSALPAGWFIADKSGAGERGSRGIIAALGPDGKPSRIVVIYTTGSQATMDERNRQIAEIGASLIKHW,1.0,"Firnberg et al., Mol Biol Evol, 2014 ",1.0,286.0,BLAT_ECOLX_hmmerbit_plmc_n5_m30_f50_t0.2_r24-286_id100_b105.a2m,24 286,0.7401197262463022,0.5758043755822916,0.551776193,0.734673984,0.5556930176269397,,0.4729016322876886,0.4834330010600868,0.5753679900155423
2,2,2,BLAT_ECOLX_Ranganathan2015,BLAT_ECOLX_Ranganathan2015,2500,HPETLVKVKDAEDQLGARVGYIELDLNSGKILESFRPEERFPMMSTFKVLLCGAVLSRVDAGQEQLGRRIHYSQNDLVEYSPVTEKHLTDGMTVRELCSAAITMSDNTAANLLLTTIGGPKELTAFLHNMGDHVTRLDRWEPELNEAIPNDERDTTMPAAMATTLRKLLTGELLTLASRQQLIDWMEADKVAGPLLRSALPAGWFIADKSGAGERGSRGIIAALGPDGKPSRIVVIYTTGSQATMDERNRQIAEIGASLIKHW,24.0,"Stiffler et al., Cell, 2015 ",24.0,286.0,BLAT_ECOLX_hmmerbit_plmc_n5_m30_f50_t0.2_r24-286_id100_b105.a2m,24 286,0.7301706939846646,0.5445591715899617,0.49976898,0.7221892115546642,0.5081819545569859,,0.4398865392331686,0.4454766736464337,0.5427118125043044
3,3,3,BLAT_ECOLX_Tenaillon2013,BLAT_ECOLX_Tenaillon2013,MIC_score,HPETLVKVKDAEDQLGARVGYIELDLNSGKILESFRPEERFPMMSTFKVLLCGAVLSRVDAGQEQLGRRIHYSQNDLVEYSPVTEKHLTDGMTVRELCSAAITMSDNTAANLLLTTIGGPKELTAFLHNMGDHVTRLDRWEPELNEAIPNDERDTTMPAAMATTLRKLLTGELLTLASRQQLIDWMEADKVAGPLLRSALPAGWFIADKSGAGERGSRGIIAALGPDGKPSRIVVIYTTGSQATMDERNRQIAEIGASLIKHW,24.0,"Jacquier et al., PNAS 2013 ",24.0,286.0,BLAT_ECOLX_hmmerbit_plmc_n5_m30_f50_t0.2_r24-286_id100_b105.a2m,24 286,0.6958180942630628,0.5309446254172995,0.4921528352057819,0.6853832384617259,0.5065541791482505,,0.4412889708618527,0.4675238695630517,0.531242420485368
4,4,4,BLAT_ECOLX_Palzkill2012,BLAT_ECOLX_Palzkill2012,ddG_stat,HPETLVKVKDAEDQLGARVGYIELDLNSGKILESFRPEERFPMMSTFKVLLCGAVLSRVDAGQEQLGRRIHYSQNDLVEYSPVTEKHLTDGMTVRELCSAAITMSDNTAANLLLTTIGGPKELTAFLHNMGDHVTRLDRWEPELNEAIPNDERDTTMPAAMATTLRKLLTGELLTLASRQQLIDWMEADKVAGPLLRSALPAGWFIADKSGAGERGSRGIIAALGPDGKPSRIVVIYTTGSQATMDERNRQIAEIGASLIKHW,24.0,"Deng et al., JMB, 2012 ",24.0,286.0,BLAT_ECOLX_hmmerbit_plmc_n5_m30_f50_t0.2_r24-286_id100_b105.a2m,24 286,-0.58091349,-0.432683763,-0.439931515,-0.592293996,-0.45682211,,-0.422847184,-0.432665758,-0.4458544262418141
5,5,5,DLG4_RAT_Ranganathan2012,DLG,CRIPT,DLLGEEDIPREPRRIVIHRGSTGLGFNIVGGEDGEGIFISFILAGGPADLSGELRKGDQILSVNGVDLRNASHEQAAIALKNAGQTVTIIAQYKPEEYSRF,300.0,"McLaughlin et al., Nature, 2012 ",311.0,393.0,DLG4_RAT_2_b0.45.a2m,300 400,0.510966348,0.4016177609391982,0.3237475518966636,0.4232401626564621,0.3422249270572385,,0.2994071003726978,0.2189679660215014,0.41084266386336865
6,6,6,GAL4_YEAST_Shendure2015,GAL4,SEL_C_64h,MKLLSSIEQACDICRLKKLKCSKEKPKCAKCLKNNWECRYSPKTKRSPLTRAHLTEVESRLERLEQLFLLIFPRE,1.0,"Kitzman et al., Nat Methods, 2015 ",2.0,65.0,GAL4_YEAST_1_b0.6.a2m,1 75,0.6372440571316609,0.3153158202409558,0.3127444602429899,0.6134575144963617,0.3317540729869178,,0.4213144588792159,0.5482389031797659,0.3199974631391354
7,7,7,HG_FLU_Bloom2016,HG_FLU,transformed_pref,MKAKLLVLLYAFVATDADTICIGYHANNSTDTVDTILEKNVAVTHSVNLLEDSHNGKLCKLKGIAPLQLGKCNITGWLLGNPECDSLLPARSWSYIVETPNSENGACYPGDLIDYEELREQLSSVSSLERFEIFPKESSWPNHTFNGVTVSCSHRGKSSFYRNLLWLTKKGDSYPKLTNSYVNNKGKEVLVLWGVHHPSSSDEQQSLYSNGNAYVSVASSNYNRRFTPEIAARPKVRDQHGRMNYYWTLLEPGDTIIFEATGNLIAPWYAFALSRGFESGIITSNASMHECNTKCQTPQGAINSNLPFQNIHPVTIGECPKYVRSTKLRMVTGLRNIPSIQYRGLFGAIAGFIEGGWTGMIDGWYGYHHQNEQGSGYAADQKSTQNAINGITNKVNSVIEKMNTQFTAVGKEFNNLEKRMENLNKKVDDGFLDIWTYNAELLVLLENERTLDFHDLNVKNLYEKVKSQLKNNAKEIGNGCFEFYHKCDNECMESVRNGTYDYPKYSEESKLNREKIDGVKLESMGVYQILAIYSTVASSLVLLVSLGAISFWMCSNGSLQCRICI,1.0,"Doud & Bloom, Viruses, 2016 ",2.0,565.0,HG_FLU_1_b0.5.a2m,1 566,0.5642371379247749,0.4517287979026662,0.4472493611825681,0.554430169,0.4441571475070248,,0.4756451127192316,0.4442330810121331,0.45215537984690507
8,8,8,HSP82_YEAST_Bolon2016,HSP82,selection_coefficient,MASETFEFQAEITQLMSLIINTVYSNKEIFLRELISNASDALDKIRYKSLSDPKQLETEPDLFIRITPKPEQKVLEIRDSGIGMTKAELINNLGTIAKSGTKAFMEALSAGADVSMIGQFGVGFYSLFLVADRVQVISKSNDDEQYIWESNAGGSFTVTLDEVNERIGRGTILRLFLKDDQLEYLEEKRIKEVIKRHSEFVAYPIQLVVTKEVEKEVPIPEEEKKDEEKKDEEKKDEDDK,1.0,"Mishra et al., Cell Reports, 2016 ",2.0,231.0,HSP82_YEAST_1_b0.5.a2m,1 240,0.4639375268891413,0.2422019820782122,0.172781614,0.4441374281999389,0.1721091954904943,,0.2786737708381391,0.4018283907915568,0.23932289547880986
9,9,9,KKA2_KLEPN_Mikkelsen2014,KKA2,Kan18_avg,MIEQDGLHAGSPAAWVERLFGYDWAQQTIGCSDAAVFRLSAQGRPVLFVKTDLSGALNELQDEAARLSWLATTGVPCAAVLDVVTEAGRDWLLLGEVPGQDLLSSHLAPAEKVSIMADAMRRLHTLDPATCPFDHQAKHRIERARTRMEAGLVDQDDLDEEHQGLAPAELFARLKARMPDGEDLVVTHGDACLPNIMVENGRFSGFIDCGRLGVADRYQDIALATRDIAEELGGEWADRFLVLYGIAAPDSQRIAFYRLLDEFF,1.0,"Melnikov et al., NAR, 2014 ",1.0,264.0,KKA2_KLEPN_1_b0.3.a2m,1 264,0.5673622836304949,0.3497440027201848,0.2495046497727982,0.5346186886284235,0.2746705430154287,,0.3386357652703524,0.429421891,0.3623198071784298
10,10,10,MTH3_HAEAESTABILIZED_Tawfik2015,MTH3_HAEAESTABILIZED,Wrel_G17_filtered,MNLISLFSGAGGLDLGFQKAGFRIIAANEYDKSIWKTYESNHSAKLIKGDISKISSDEFPKCDGIIGGPPCQSWSEGGSLRGIDDPRGKLFYEYIRILKQKKPKFFLAENVKGMLAQRHNKAVQEFIQEFDNAGYDVHIILLNANDYGVAQDRKRVFYIGFRKELNINYLPPIPHLIKPTLKDVIWDLKDNPIPALDKNKTNGNKCIYPNHEYFIGSYSTIFMSRNRVRQWNEPAFTVQASGRQCQLHPQAPVMLKVSKNLNKFVEGKEHLYRRLTVRECARVQGFPDDFIFHYESLNDGYKMIGNAVPVNLAYEIAKTIKSALEIRKGN,1.0,"Rockah-Shmuel et al., PLOS Comp Bio, 2015 ",2.0,330.0,MTH3_HAEAESTABILIZED_1_b0.5.a2m,1 330,0.5269897702467963,0.3830189200581965,0.3273549400455453,0.5017549437085009,0.3333260882357487,,0.4876891281098756,0.4718268821344104,0.36230363853429604
11,11,11,PA_FLU_Sun2015,PA_FLU,RF_index,MEDFVRQCFNPMIVELAEKAMKEYGEDLKIETNKFAAICTHLEVCFMYSDFHFIDEQGESIVVELGDPNALLKHRFEIIEGRDRTIAWTVINSICNTTGAEKPKFLPDLYDYKKNRFIEIGVTRREVHIYYLEKANKIKSEKTHIHIFSFTGEEMATKADYTLDEESRARIKTRLFTIRQEMASRGLWDSFRQSERGEETIEERFEITGTMRKLADQSLPPNFSSLEKFRAYVDGFEPNGYIEGKLSQMSKEVNARIEPFLKSTPRPLRLPDGPPCSQRSKFLLMDALKLSIEDPSHEGEGIPLYDAIKCMRTFFGWKEPNVVKPHEKGINPNYLLSWKQVLAELQDIENEEKIPRTKNMKKTSQLKWALGENMAPEKVDFDDCKDVGDLKQYDSDEPELRSLASWIQNEFNKACELTDSSWIELDEIGEDAAPIEHIASMRRNYFTAEVSHCRATEYIMKGVYINTALLNASCAAMDDFQLIPMISKCRTKEGRRKTNLYGFIIKGRSHLRNDTDVVNFVSMEFSLTDPRLEPHKWEKYCVLEVGDMLLRSAIGHVSRPMFLYVRTNGTSKIKMKWGMEMRRCLLQSLQQIESMIEAESSVKEKDMTKEFFENKSETWPVGESPKGVEEGSIGKVCRTLLAKSVFNSLYASPQLEGFSAESRKLLLIVQALRDNLEPGTFDLGGLYEAIEECLINDPWVLLNASWFNSFLTHALR,1.0,"Wu et al., PLOS Genetics, 2015 ",8.0,721.0,PA_FLU_1_b0.5.a2m,1 716,0.069236043,0.077688545,0.4886511661468382,0.4691439412464649,0.4357502022932525,,0.5141557078348383,0.5071846781576531,0.07533564331350244
12,12,12,PABP_YEAST_Fields2013-singles,PABP_singles,linear,QRDPSLRKKGSGNIFIKNLHPDIDNKALYDTFSVFGDILSSKIATDENGKSKGFGFVHFEEEGAAKEAIDALNGMLLNGQEIYVAPHLSRKERDSQ,115.0,"Melamed et al., RNA, 2013 ",126.0,200.0,PABP_YEAST_hmmerbit_plmc_n5_m30_f50_t0.2_r115-210_id100_b48.a2m,115 210,0.563819653,0.283768083,0.1695190740684931,0.5605009859454265,0.1767092082689061,,0.4495362356014479,0.4785249054656356,0.29360703622922907
13,13,13,PABP_YEAST_Fields2013-doubles,PABP_doubles,XY_Enrichment_score,QRDPSLRKKGSGNIFIKNLHPDIDNKALYDTFSVFGDILSSKIATDENGKSKGFGFVHFEEEGAAKEAIDALNGMLLNGQEIYVAPHLSRKERDSQ,115.0,,126.0,200.0,PABP_YEAST_hmmerbit_plmc_n5_m30_f50_t0.2_r115-210_id100_b48.a2m,115 210,0.6442943379912703,0.3164279988216172,0.2101765860825865,0.6379846500414205,0.2097944920630771,,0.4386180041432723,0.5309547714720364,0.3193590174074931
14,14,14,POLG_HCVJF_Sun2014,POLG_HCVJF,fitness,SGSWLRDVWDWVCTILTDFKNWLTSKLFPKLPGLPFISCQKGYKGVWAGTGIMTTRCPCGANISGNVRLGSMRITGPKTCMNTWQGTFPINCYTEGQCAPKPPTNYKTAIWRVA,1977.0,"Qi et al., PLOS Pathogens, 2014 ",1994.0,2079.0,POLG_HCVJF_1_b0.5.a2m,1977-2090,0.135590114884924,-0.089564896,0.2169344019398541,0.2295406705066339,0.2494855828588878,,0.3638571865485496,0.3623760245508612,-0.0169394035844592
15,15,15,RL401_YEAST_Bolon2013,RL401_Bolon2013,selection_coefficient,MQIFVKTLTGKTITLEVESSDTIDNVKSKIQDKEGIPPDQQRLIFAGKQLEDGRTLSDYNIQKESTLHLVLRLRGG,1.0,"Roscoe et al, JMB, 2013 ",2.0,76.0,RL401_YEAST_1_b0.5.a2m,1 76,0.654560605,0.4108538149348243,0.3461561265045436,0.6323364829845437,0.3267024890140289,,0.4682148924837087,0.4869656247192492,0.3970457993306014
16,16,16,RL401_YEAST_Bolon2014,RL401_Bolon2014,react_rel,MQIFVKTLTGKTITLEVESSDTIDNVKSKIQDKEGIPPDQQRLIFAGKQLEDGRTLSDYNIQKESTLHLVLRLRGG,1.0,"Roscoe et al, JMB, 2014 ",2.0,76.0,RL401_YEAST_1_b0.5.a2m,1 76,0.516936703,0.4279572712450102,0.3872884778188206,0.5027799580439951,0.3949704963812499,,0.4188682210620221,0.2767191010860186,0.42974867340692463
17,17,17,UBE4B_MOUSE_Klevit2013-singles,UBE4B,log2_ratio,IAIEKFKLLAEKVEEIVAKNARAEIDYSDAPDEFRDPLMDTLMTDPVRLPSGTVMDRSIILRHLLNSPTDPFNRQMLTESMLEPVPELKEQIQAWMREKQSSDH,1070.0,"Starita et al., PNAS, 2013 ",1072.0,1173.0,UBE4B_MOUSE_1_b0.45.a2m,1070 1173,0.4671673940343021,0.2611260474952867,0.1764283820292633,0.4539401109483515,0.2080453807438783,,0.2272268698657672,0.3969160438955343,0.2719444673786774
18,18,18,YAP1_HUMAN_Fields2012-singles,YAP1: Fields 2012,linear,DVPLPAGWEMAKTSSGQRYFLNHIDQTTTWQDPRKA,170.0,"Araya et al., PNAS, 2012 ",170.0,203.0,YAP1_HUMAN_1_b0.5.a2m,170 205,0.6024704977485564,0.5015097528401857,0.4444445990336013,0.6126039856260754,0.3972478267540118,,0.3800407044492965,0.4726882909633264,0.4679295307857912
19,19,19,tRNA_mutation_effect,TRNA_YEAST,fitness,,,"Li et al., Science, 2016 ",,,,,,,,,,,,,
20,20,20,parEparD_Laub2015_all,PARE_PARD,fitness,,,"Aakre et al., Cell, 2015 ",,,,,,,,,,,,,
21,21,21,AMIE_PSEAE_Whitehead,AMIE_PSEAE,isobutyramide_normalized_fitness,MRHGDISSSNDTVGVAVVNYKMPRLHTAAEVLDNARKIAEMIVGMKQGLPGMDLVVFPEYSLQGIMYDPAEMMETAVAIPGEETEIFSRACRKANVWGVFSLTGERHEEHPRKAPYNTLVLIDNNGEIVQKYRKIIPWCPIEGWYPGGQTYVSEGPKGMKISLIICDDGNYPEIWRDCAMKGAELIVRCQGYMYPAKDQQVMMAKAMAWANNCYVAVANAAGFDGVYSYFGHSAIIGFDGRTLGECGEEEMGIQYAQLSLSQIRDARANDQSQNHLFKILHRGYSGLQASGDGDRGLAECPFEFYRTWVTDAEKARENVERLTRSTTGVAQCPVGRLPYEGLEKEA,1.0,"Wrenbeck et al., Nat Commun, 2017",1.0,341.0,AMIE_PSEAE_1_b0.3.a2m,1 346,0.5686599843779432,0.3224337965796097,0.2300550821763834,0.5763423316463749,0.235978755025252,,0.2605211378892192,0.5088762405862646,0.3140047865241185
22,22,22,P84126_THETH_b0,TIM_THETH,fitness,MRPDLSRVPGVLGEIARKRASEVAPYPLPEPPSVPSFKEALLRPGLSVIAEVKRQSPSEGLIREVDPVEAALAYARGGARAVSVLTEPHRFGGSLLDLKRVREAVDLPLLRKDFVVDPFMLEEARAFGASAALLIVALLGELTGAYLEEARRLGLEALVEVHTERELEIALEAGAEVLGINNRDLATLHINLETAPRLGRLARFRGFGGVLVAESGYSRKEELKALEGLFDAVLIGTSLMRAPDLEAALRELVG,1.0,"Chan et al., Nat Commun, 2017",44.0,238.0,P84126_THETH_1_b0.5.a2m,1 254,0.5974119725394802,0.498162851228332,0.4696489570133568,0.5804191463933357,0.4616154328616359,,0.3820415943601558,0.1939698523156058,0.486736033469063
23,23,23,TIM_SULSO_b0,TIM_SULSO,fitness,MPRYLKGWLKDVVQLSLRRPSFRASRQRPIISLNERILEFNKRNITAIIAEYKRKSPSGLDVERDPIEYSKFMERYAVGLSILTEEKYFNGSYETLRKIASSVSIPILMKDFIVKESQIDDAYNLGADTVLLIVKILTERELESLLEYARSYGMEPLIEINDENDLDIALRIGARFIGINSRDLETLEINKENQRKLISMIPSNVVKVAESGISERNEIEELRKLGVNAFLIGSSLMRNPEKIKEFIL,1.0,"Chan et al., Nat Commun, 2017",44.0,235.0,TRPC_SULSO_1_b0.5.a2m,1 248,0.6525376032624415,0.4375965060039359,0.3570363706074498,0.6440522559042959,0.3813103139186601,,0.4450161911190372,0.337267154,0.45670079004864933
24,24,24,TIM_THEMA_b0,TIM_THEMA,fitness,MRRLWEIVEAKKKDILEIDGENLIVQRRNHRFLEVLSGKERVKIIAEFKKASPSAGDINADASLEDFIRMYDELADAISILTEKHYFKGDPAFVRAARNLTSRPILAKDFYIDTVQVKLASSVGADAILIIARILTAEQIKEIYEAAEELGMDSLVEVHSREDLEKVFSVIRPKIIGINTRDLDTFEIKKNVLWELLPLVPDDTVVVAESGIKDPRELKDLRGKVNAVLVGTSIMKAENPRRFLEEMRAWSE,1.0,"Chan et al., Nat Commun, 2017",40.0,233.0,TRPC_THEMA_1_b0.5.a2m,1-252,0.463698649141996,0.310610033229679,0.2802118507132564,0.4591692915006369,0.2791571854819715,,0.3595765778530441,0.2718949643447357,0.3066228374086682
25,25,25,IF1_ECOLI_Kishony,IF1_ECOLI,fitness_rich,MAKEDNIEMQGTVLETLPNTMFRVELENGHVVTAHISGKMRKNYIRILTGDKVTVELTPYDLSKGRIVFRSR,1.0,"Kelsic et al., Cell Systems, 2016",1.0,72.0,IF1_ECOLI_1_b0.5.a2m,1 72,0.6146073541029106,0.4233438932375989,0.3706464515934817,0.5982537021946203,0.3679847910151341,,0.3094964787877104,0.2162402686762614,0.4288385107078687
26,26,26,MK01_HUMAN_Johannessen,MK01_HUMAN,DOX_Average,MAAAAAAGAGPEMVRGQVFDVGPRYTNLSYIGEGAYGMVCSAYDNVNKVRVAIKKISPFEHQTYCQRTLREIKILLRFRHENIIGINDIIRAPTIEQMKDVYIVQDLMETDLYKLLKTQHLSNDHICYFLYQILRGLKYIHSANVLHRDLKPSNLLLNTTCDLKICDFGLARVADPDHDHTGFLTEYVATRWYRAPEIMLNSKGYTKSIDIWSVGCILAEMLSNRPIFPGKHYLDQLNHILGILGSPSQEDLNCIINLKARNYLLSLPHKNKVPWNRLFPNADSKALDLLDKMLTFNPHKRIEVEQALAHPYLEQYYDPSDEPIAEAPFKFDMELDDLPKEKLKELIFEETARFQPGYRS,1.0,"Brenan et al., Cell Rep, 2016",2.0,360.0,MK01_HUMAN_1_b0.6.a2m,1 360,-0.178179904,-0.059537411,-0.020004157,-0.163919754,-0.013422818,,-0.01947244,-0.093613664,-0.06285609516090168
27,27,27,RASH_HUMAN_Kuriyan,RASH_HUMAN,unregulated,MTEYKLVVVGAGGVGKSALTIQLIQNHFVDEYDPTIEDSYRKQVVIDGETCLLDILDTAGQEEYSAMRDQYMRTGEGFLCVFAINNTKSFEDIHQYREQIKRVKDSDDVPMVLVGNKCDLAARTVESRQAQDLARSYGIPYIETSAKTRQGVEDAFYTLVREIRQHKLRKLNPPDESGPGCMSCKCVLS,1.0,"Bandaru et al., Elife, 2017",2.0,166.0,RASH_HUMAN_1_b0.45.a2m,1 189,0.4975786829275739,0.5051831992199549,0.4769992462255621,0.4769123250390433,0.4762406485154531,,0.2532882344259871,0.054737196,0.5168298666654484
28,28,28,RL401_YEAST_Fraser2016,RL401_Fraser2016,DMSO,MQIFVKTLTGKTITLEVESSDTIDNVKSKIQDKEGIPPDQQRLIFAGKQLEDGRTLSDYNIQKESTLHLVLRLRGG,1.0,"Mavor et al., Elife, 2016",2.0,76.0,RL401_YEAST_1_b0.5.a2m,1 76,0.5694504887455062,0.3760200955716107,0.3193310435545596,0.547370746,0.3077312862962898,,0.397727805,0.401241585,0.36420607372043057
29,29,29,BRCA1_HUMAN_RING,BRCA_HUMAN_RING,function_score,MDLSALRVEEVQNVINAMQKILECPICLELIKEPVSTKCDHIFCKFCMLKLLNQKKGPSQCPLCKNDITKRSLQESTRFSQLVEELLKIICAFQLDTGLEYANSYNFAKK,1.0,"Findlay et al., Biorxiv 2018",1.0,101.0,BRCA1_HUMAN_1_b0.5.a2m,1 110,0.4566174989808905,0.488114396,0.4546353202536385,0.4745189178862875,0.4357383087444405,,0.55101951,0.5385641502669687,0.45049372490488426
30,30,30,BRCA1_HUMAN_BRCT,BRCA_HUMAN_BRCT,function_score,YNAMEESVSREKPELTASTERVNKRMSMVVSGLTPEEFMLVYKFARKHHITLTNLITEETTHVVMKTDAEFVCERTLKYFLGIAGGKWVVSYFWVTQSIKERKMLNEHDFEVRGDVVNGRNHQGPKRARESQDRKIFRGLEICCYGPFTNMPTDQLEWMVQLCGASVVKELSSFTLGTGVHPIVVVQPDAWTEDNGFHAIGQMCEAPVVTREWVLDSVALYQCQELDTYLIPQIPHS,1625.0,"Findlay et al., Biorxiv 2018",1631.0,1855.0,BRCA1_HUMAN_BRCT_1_b0.3.a2m,1625 1861,0.5104930485489596,0.4679851665127278,0.4694358464532575,0.5100809084390973,0.4759427216898062,,0.3774332344335061,0.4096390152348292,0.479574792595305
31,31,31,TPMT_HUMAN_Fowler2018,TPMT_HUMAN,score,MDGTRTSLDIEEYSDTEVQKNQVLTLEEWQDKWVNGKTAFHQEQGHQLLKKHLDTFLKGKSGLRVFFPLCGKAVEMKWFADRGHSVVGVEISELGIQEFFTEQNLSYSEEPITEIPGTKVFKSSSGNISLYCCSIFDLPRTNIGKFDMIWDRGALVAINPGDRKCYADTMFSLLGKKFQYLLCVLSYDPTKHPGPPFYVPHAEIERLFGKICNIRCLEKVDAFEERHKSWGIDCLFEKLYLLTEK,1.0,"Matreyek et al., Nat Gen, 2019",1.0,245.0,TPMT_HUMAN_1_b0.35.a2m,1 245,0.5742692264763237,0.4584424479679312,0.4314147786050956,0.5753367469567761,0.4369476155588822,,0.3379974138050692,0.3895326322559456,0.4712800359932276
32,32,32,PTEN_HUMAN_Fowler2018,PTEN_HUMAN,score,MTAIIKEIVSRNKRRYQEDGFDLDLTYIYPNIIAMGFPAERLEGVYRNNIDDVVRFLDSKHKNHYKIYNLCAERHYDTAKFNCRVAQYPFEDHNPPQLELIKPFCEDLDQWLSEDDNHVAAIHCKAGKGRTGVMICAYLLHRGKFLKAQEALDFYGEVRTRDKKGVTIPSQRRYVYYYSYLLKNHLDYRPVALLFHKMMFETIPMFSGGTCNPQFVVCQLKVKIYSSNSGPTRREDKFMYFEFPQPLPVCGDIKVEFFHKQNKMLKKDKMFHFWVNTFFIPGPEETSEKVENGSLCDQEIDSICSIERADNDKEYLVLTLTKNDLDKANKDKANRYFSPNFKVKLYFTKTVEEPSNPEASSSTSVTPDVSDNEPDHYRYSDTTDSDPENEPFDEDQHTQITKV,1.0,"Matreyek et al., Nat Gen, 2019",2.0,403.0,PTEN_HUMAN_1_b0.3.a2m,1 403,0.5191810707909902,0.5361473101123445,0.5128926163588841,0.5210134456043753,0.4909650733528391,,0.2794303208087859,0.3783576214915625,0.5230018359538573
33,33,33,B3VI55_LIPSTSTABLE,B3VI55_LIPSTSTABLE,SelectionTwo,MPIATSTGDNVLDFTVLGLNSGTSMDGIDCALCHFYQKTPDAPMEFELLEYGEVPLAQPIKQRVMRMILEDTTSPSELSEVNVILGEHFADAVRQFAAERNVDLSTIDAIASHGQTIWLLSMPEEGQVKSALTMAEGAIIAARTGITSITDFRISDQAAGRQGAPLIAFFDALLLHHPTKLRACQNIGGIANVCFIPPDVDGRRTDEYYDFDTGPGNVFIDAVVRHFTNGEQEYDKDGAMGKRGKVDQELVDDFLKMPYFQLDPPKTTGREVFRDTLAHDLIRRAEAKGLSPDDIVATTTRITAQAIVDHYRRYAPSQEIDEIFMCGGGAYNPNIVEFIQQSYPNTKIMMLDEAGVPAGAKEAITFAWQGMECLVGRSIPVPTRVETRQHYVLGKVSPGLNYRSVMKKGMAFGGDAQQLPWVSEMIVKKKGKVITNNWA,1.0,"Klesmith et al., ACS Synth Bio, 2015",1.0,439.0,B3VI55_LIPSTSTABLE_1_b0.5.a2m,1 439,0.5725863681082801,0.3856475085900779,0.3674129161829236,0.5811867328894665,0.3715329111267507,,0.4120086044509263,0.4648750353155306,0.39642817764133625
34,34,34,B3VI55_LIPST_Whitehead2015,B3VI55_LIPST,SelectionOne,MPIATSTGDNVLDFTVLGLNSGTSMDGIDCALCHFYQKTPDAPMEFELLEYGEVPLAQPIKQRVMRMILEDTTSPSELSEVNVILGEHFADAVRQFAAERNVDLSTIDAIASHGQTIWLLSMPEEGQVKSALTMAEGAILASRTGITSITDFRISDQAAGRQGAPLIAFFDALLLHHPTKLRACQNIGGIANVCFIPPDVDGRRTDEYYDFDTGPGNVFIDAVVRHFTNGEQEYDKDGAMGKRGKVDQELVDDFLKMPYFQLDPPKTTGREVFRDTLAHDLIRRAEAKGLSPDDIVATTTRITAQAIVDHYRRYAPSQEIDEIFMCGGGAYNPNIVEFIQQSYPNTKIMMLDEAGVPAGAKEAITFAWQGMEALVGRSIPVPTRVETRQHYVLGKVSPGLNYRSVMKKGMAFGGDAQQLPWVSEMIVKKKGKVITNNWA,1.0,"Klesmith et al., ACS Synth Bio, 2016",1.0,439.0,B3VI55_LIPST_1_b0.5.a2m,1 439,0.366079041974477,0.2611493651014656,0.2719928434359183,0.3831377053889431,0.2684019115810084,,0.2564286543495334,0.2905910280837196,0.26000600634940135
35,35,35,BF520_env_Bloom2018,BF520_ENV,fitness,MICSVAGNLWVTVYYGVPVWKDAETTLFCASDAKAYDAEVHNIWATHACVPTDPNPQEINLENVTEEFNMWKNNMVEQMHTDIISLWDQGLKPCVKLTPLCVTLDCHNVTYNITSDMKEEITNCSYNVTTVIRDKKQKVSSLFYKLDVVQIGGNNRTNSQYRLINCNTSAITQACPKVTFEPIPIHYCAPAGFAILKCKDEKFNGTGLCKNVSTVQCTHGIKPVVSTQLLLNGSLAEGEVRIRSENITNNAKNIIVQLASPVTINCIRPNNNTRKSVHLGPGQAFYATDGIIGEIRQAHCNVSKKEWNSTLQKVANQLRPYFKNNTIIKFANSSGGDLEITTHSFNCGGEFFYCNTSGLFNSTWEFNSTWNNSNSTENITLQCRIKQIINMWQRAGQAIYAPPIPGVIRCKSNITGLILTRDGGSNKNTSETFRPGGGDMRDNWRSELYKYKVVKIEPIGVAPTRAKRRVVEREKRAVGIGAVFIGFLGAAGSTMGAASVTLTVQARQLLSGIVQQQSNLLRAIEAQQHLLKLTVWGIKQLQARVLAVERYLKDQQLLGIWGCSGKLICTTNVPWNSSWSNKSQDEIWGNMTWLQWDKEVSNYTQIIYTLIEESQNQQEKNEQDLLALDKWASLWNWFNISQWLWYIKIFIIIVGGLIGLRIVFAVLSVINRVRQGYSPLSFQTRT,25.0,"Haddox et al. Elife, 2018",30.0,691.0,BF520_env_1_b0.5.a2m,25 710,0.083567521,0.066982422,0.076540521,0.068820858,0.095449609,,0.16551299,0.2099813263773608,0.07923985693455614
36,36,36,BG505_env_Bloom2018,BG505_ENV,fitness,IICSAAENLWVTVYYGVPVWKDAETTLFCASDAKAYETEKHNVWATHACVPTDPNPQEIHLENVTEEFNMWKNNMVEQMHTDIISLWDQSLKPCVKLTPLCVTLQCTNVTNNITDDMRGELKNCSFNMTTELRDKKQKVYSLFYRLDVVQINENQGNRSNNSNKEYRLINCNTSAITQACPKVSFEPIPIHYCAPAGFAILKCKDKKFNGTGPCPSVSTVQCTHGIKPVVSTQLLLNGSLAEEEVMIRSENITNNAKNILVQFNTPVQINCTRPNNNTRKSIRIGPGQAFYATGDIIGDIRQAHCNVSKATWNETLGKVVKQLRKHFGNNTIIRFANSSGGDLEVTTHSFNCGGEFFYCNTSGLFNSTWISNTSVQGSNSTGSNDSITLPCRIKQIINMWQRIGQAMYAPPIQGVIRCVSNITGLILTRDGGSTNSTTETFRPGGGDMRDNWRSELYKYKVVKIEPLGVAPTRAKRRVVGREKRAVGIGAVFLGFLGAAGSTMGAASMTLTVQARNLLSGIVQQQSNLLRAIEAQQHLLKLTVWGIKQLQARVLAVERYLRDQQLLGIWGCSGKLICTTNVPWNSSWSNRNLSEIWDNMTWLQWDKEISNYTQIIYGLLEESQNQQEKNEQDLLALDKWASLWNWFDISNWLWYIKIFIMIVGGLIGLRIVFAVLSVIHRVRQGYS,25.0,"Haddox et al. Elife, 2018",30.0,699.0,BG505_env_1_b0.5.a2m,25 710,0.0473352916590242,0.0434972030407354,0.050427816,0.030416019,0.070422272,,0.2147396254507356,0.2428326899924744,0.06330256061068969
37,37,37,HIS7_YEAST_Kondrashov2017,HIS7_YEAST,selection,MTEQKALVKRITNETKIQIAISLKGGPLAIEHSIFPEKEAEAVAEQATQSQVINVHTGIGFLDHMIHALAKHSGWSLIVECIGDLHIDDHHTTEDCGIALGQAFKEALGAVRGVKRFGSGFAPLDEALSRAVVDLSNRPYAVVELGLQREKVGDLSCEMIPHFLESFAEASRITLHVDCLRGKNDHHRSESAFKALAVAIREATSPNGTNDVPSTKGVLM,1.0,"Pokusaeva et al., 2017",6.0,211.0,HIS7_YEAST_1_b0.5.a2m,1 220,0.340906676,0.3525508106777525,0.31715518,0.3692482439617208,0.2605619421943775,,0.4110589226050751,0.4321962883387219,0.343879531149157
38,38,38,CALM1_HUMAN_Roth2017,CALM1_HUMAN,screenscore,MADQLTEEQIAEFKEAFSLFDKDGDGTITTKELGTVMRSLGQNPTEAELQDMINEVDADGNGTIDFPEFLTMMARKMKDTDSEEEIREAFRVFDKDGNGYISAAELRHVMTNLGEKLTDEEVDEMIREADIDGDGQVNYEEFVQMMTAK,1.0,"Roth et al., MSB, 2017",1.0,149.0,CALM1_HUMAN_1_b0.5.a2m,1 149,0.2696141660088132,0.2348427724489934,0.2460783582068185,0.2732862612323862,0.2501759533159917,,0.2401398907996961,0.2188288360415261,0.2425253927145019
39,39,39,TPK1_HUMAN_Roth2017,TPK1_HUMAN,screenscore,MEHAFTPLEPLLSTGNLKYCLVILNQPLDNYFRHLWNKALLRACADGGANRLYDITEGERESFLPEFINGDFDSIRPEVREYYATKGCELISTPDQDHTDFTKCLKMLQKKIEEKDLKVDVIVTLGGLAGRFDQIMASVNTLFQATHITPFPIIIIQEESLIYLLQPGKHRLHVDTGMEGDWCGLIPVGQPCMQVTTTGLKWNLTNDVLAFGTLVSTSNTYDGSGVVTVETDHPLLWTMAIKS,1.0,"Roth et al., MSB, 2017",1.0,243.0,TPK1_HUMAN_1_b0.25.a2m,1 243,0.4120657091104912,0.3123348416939249,0.3153316017812063,0.410037165,0.321927488,,0.3322887276099628,0.2739158108657807,0.31881369404159116
40,40,40,SUMO1_HUMAN_Roth2017,SUMO1_HUMAN,screenscore,MSDQEAKPSTEDLGDKKEGEYIKLKVIGQDSSEIHFKVKMTTHLKKLKESYCQRQGVPMNSLRFLFEGQRIADNHTPKELGMEEEDVIEVYQEQTGGHSTV,1.0,"Roth et al., MSB, 2017",1.0,101.0,SUMO1_HUMAN_1_b0.35.a2m,1 101,0.5740247834272553,0.484282665728156,0.449824912,0.571895258,0.4607278841241691,,0.380245673,0.4532213103327764,0.4989968595167142
41,41,41,UBC9_HUMAN_Roth2017,UBC9_HUMAN,screenscore,MSGIALSRLAQERKAWRKDHPFGFVAVPTKNPDGTMNLMNWECAIPGKKGTPWEGGLFKLRMLFKDDYPSSPPKCKFEPPLFHPNVYPSGTVCLSILEEDKDWRPAITIKQILLGIQELLNEPNIQDPAQAEAYTIYCQNRVEYEKRVRAQAKKFAPS,1.0,"Roth et al., MSB, 2017",1.0,159.0,UBC9_HUMAN_1_b0.5.a2m,1 58,0.5093764597179741,0.3672507860090894,0.3382199417520026,0.5095134144931661,0.3465481826691516,,0.4144165098334336,0.3923483170632653,0.3655239613715302
42,42,42,POL_HV1N5-CA_Ndungu2014,,Rcmutant_RC_NL43,PIVQNLQGQMVHQAISPRTLNAWVKVVEEKAFSPEVIPMFSALSEGATPQDLNTMLNTVGGHQAAMQMLKETINEEAAEWDRLHPVHAGPIAPGQMREPRGSDIAGTTSTLQEQIGWMTHNPPIPVGEIYKRWIILGLNKIVRMYSPTSILDIRQGPKEPFRDYVDRFYKTLRAEQASQEVKNWMTETLLVQNANPDCKTILKALGPGATLEEMMTACQGVGGPGHKARVL,133.0,,146.0,331.0,POL_HV1N5-CA_1_b0.5.a2m,133 363,0.4754111065643226,0.3446610347893016,0.3363689806050402,0.4571445524192829,0.3304804203872313,,0.455822631,0.5150687570107904,0.3225488902979378
